{"cameraMode":{"drawMode":0,"name":"Shaded","section":"Shading Mode"},"sceneLighting":false,"audioPlay":false,"sceneViewState":{"m_AlwaysRefresh":false,"showFog":true,"showSkybox":false,"showFlares":true,"showImageEffects":true,"showParticleSystems":true,"showVisualEffectGraphs":true,"m_FxEnabled":true},"in2DMode":false,"pivot":{"x":-0.005626767873764038,"y":0.35616356134414675,"z":-0.1341191828250885},"rotation":{"x":-0.15041303634643556,"y":-0.6293508410453796,"z":0.12586039304733277,"w":-0.7520070672035217},"size":0.4670913517475128,"orthographic":false}