{"cameraMode":{"drawMode":0,"name":"Shaded","section":"Shading Mode"},"sceneLighting":false,"audioPlay":false,"sceneViewState":{"m_AlwaysRefresh":false,"showFog":true,"showSkybox":false,"showFlares":true,"showImageEffects":true,"showParticleSystems":true,"showVisualEffectGraphs":true,"m_FxEnabled":true},"in2DMode":false,"pivot":{"x":-0.7789889574050903,"y":0.6732605695724487,"z":-0.4741925299167633},"rotation":{"x":-0.16001589596271516,"y":-0.6905226707458496,"z":0.16087549924850465,"w":-0.6868094801902771},"size":0.8226975798606873,"orthographic":false}