{"cameraMode":{"drawMode":0,"name":"Shaded","section":"Shading Mode"},"sceneLighting":false,"audioPlay":false,"sceneViewState":{"m_AlwaysRefresh":false,"showFog":true,"showSkybox":false,"showFlares":true,"showImageEffects":true,"showParticleSystems":true,"showVisualEffectGraphs":true,"m_FxEnabled":true},"in2DMode":false,"pivot":{"x":-0.026468485593795778,"y":0.3623139262199402,"z":-0.042937010526657107},"rotation":{"x":-0.26491066813468935,"y":-0.49064481258392336,"z":0.15954707562923432,"w":-0.8146471977233887},"size":0.6998960971832275,"orthographic":false}