{"cameraMode":{"drawMode":0,"name":"Shaded","section":"Shading Mode"},"sceneLighting":true,"audioPlay":false,"sceneViewState":{"m_AlwaysRefresh":false,"showFog":true,"showSkybox":true,"showFlares":true,"showImageEffects":true,"showParticleSystems":true,"showVisualEffectGraphs":true,"m_FxEnabled":true},"in2DMode":false,"pivot":{"x":23.503856658935548,"y":-474.23468017578127,"z":219.68934631347657},"rotation":{"x":0.31157636642456057,"y":0.5904347896575928,"z":-0.2643113434314728,"w":0.6960310339927673},"size":449.9688720703125,"orthographic":false}